,dataset,10_60
0,Sorteria-100SOC-cell1,0.43790849673202603
1,Sorteria-100SOC-cell2,0.3666666666666666
2,Sorteria-Control-100SOC-cell1,0.4150326797385621
3,Sorteria-Control-100SOC-cell2,0.1490196078431372
4,LCO-LP-6400mAh-100SOC-cell1,0.4052287581699346
5,LCO-LP-6400mAh-100SOC-cell2,0.2836601307189542
6,LCO-LP-6400mAh-80SOC-Cell3,0.41241830065359475
7,LCO-LP6400mAh-80SOC-cell4,0.5483660130718954
8,Soetria-80SOC-cell3,0.1620915032679738
9,Sorteria-Control-60SOC-cell1,0.572549019607843
10,Soetria-Control-45SOC-cell1,0.315032679738562
11,Sorteria-control-40SOC-cell2,0.3777777777777777
12,Sorteria-control-20SOC-cell1,0.3490196078431372
13,Soteria-control-30SOC-cell2,0.5130718954248364
14,Soteria-control-30SOC-cell1,0.5267973856209149
15,Soteria-control-10SOC-cell1,0.48039215686274506
16,Soteria-Control-0SOC-cell1,0.3307189542483659
17,Soteria-SCC-90SOC-cell1,0.19281045751633988
18,Soteria-SCC-80SOC-cell1,0.44183006535947705
19,Soteria-SCC-60SOC-cell1,0.26339869281045747
20,Soteria-SCC-20SOC-5180mAh,0.26209150326797387
21,OE-LCO-6470mAh-60SOC,0.3941176470588235
22,OE-LCO-6490mAh-60SOC,0.5156862745098039
23,OE-LCO-6270mAh-40SOC,0.5261437908496731
24,OE-LCO-6500mAh-20SOC,0.4856209150326797
25,OE-LCO-6560mAh-0SOC,0.4679738562091502
26,OE-LCO-6550mAh-20SOC,0.2751633986928104
27,OE-LCO-6500mAh-40SOC,0.45424836601307184
28,OE-LCO-6340mAh-0SOC,0.33986928104575154
29,OE-LCO-6400mAh-20SOC,0.4013071895424836
30,Soteria-SCC-5070-70SOC,0.24052287581699344
31,OE-LFP10Ah-0SOC-cell9,0.6294117647058822
32,OE-LFP10Ah-0SOC-cell10,0.42941176470588227
33,OE-LFP10Ah-40SOC-cell7,0.5960784313725488
34,OE-LFP10Ah-40SOC-cell8,0.6124183006535946
35,OE-LFP10Ah-70SOC-cell5,0.4666666666666666
36,OE-LFP10Ah-70SOC-cell6,0.5673202614379084
37,OE-LFP10Ah-80SOC-cell3,0.6352941176470587
38,OE-LFP10Ah-80SOC-cell4,0.44248366013071894
39,OE-10Ahr-NMC-70SOC-cell7,0.14814814814814814
40,OE-10Ahr-NMC-80SOC-cell8,0.4633986928104574
41,OE-10Ahr-NMC-80SOC-Cell9,0.16797385620915029
42,OE-10Ahr-NMC-100SOC-cell10,0.25816993464052285
43,OE-10Ahr-NMC-100SOC-cell11,0.17973856209150324
44,OE-LFP10Ah-100SOC-cell1,0.618300653594771
45,OE-LFP10Ah-100SOC-cell2,0.6098039215686273
46,OE-LFP10Ah-100SOC-cell12,0.5522875816993463
47,Soteria-Control-50SOC,0.45359477124183
48,Soteria-SCC-4160mAh-100SOC-8mm,0.4405228758169934
49,OE-10Ahr-NMC-70SOC-cell6,0.4647058823529411
50,OE-10AHr-NMC-40SOC-Cell4,0.5411764705882353
51,OE-10Ahr-NMC-40SOC-cell1,0.5143790849673201
52,OE-10Ahr-NMC-0SOC-cell1,0.5176470588235293
53,OE-10Ahr-NMC-0SOC-cell2,0.6215686274509802
54,OE-LFP10Ah-80SOC-Cell15,0.5732026143790848
55,LFP10Ah-60SOC-Cell17,0.5418300653594771
56,Soteria-SCC-4720mAh-40SOC,0.3052287581699346
57,Soteria-SCC-4700mAh-100SOC-12mm,0.26601307189542484
58,OE-LFP-cell14-60SOC-10Ah,0.43006535947712415
59,OE-LFP10Ah-80SOC-cell13,0.3784313725490195
60,OE-LFP10Ah-60SOC,0.42614379084967324
61,500mAh1-20S0C,0.4104575163398691
62,500mAh1-40S0C,0.4228758169934641
63,500mAh1-60S0C,0.47516339869281043
64,500mAh1-80S0C,0.531372549019608
65,500mAh1-100S0C,0.5934640522875816
66,500mAh2-20S0C,0.6830065359477122
67,500mAh2-40S0C,0.6679738562091502
68,500mAh2-60S0C,0.2745098039215686
69,500mAh2-80S0C,0.49411764705882344
70,500mAh2-100S0C,0.5130718954248366
71,500mAh3-20S0C,0.6346405228758167
72,500mAh3-40S0C,0.568627450980392
73,500mAh3-60S0C,0.5941176470588234
74,500mAh3-80S0C,0.5888888888888889
75,500mAh3-100S0C,0.5235294117647059
76,2000mAh1-20S0C,0.5196078431372549
77,2000mAh1-40S0C,0.4633986928104575
78,2000mAh1-60S0C,0.4712418300653594
79,2000mAh1-80S0C,0.6039215686274508
80,2000mAh1-100S0C,0.48235294117647054
81,2000mAh2-20S0C,0.5777777777777776
82,2000mAh2-40S0C,0.503267973856209
83,2000mAh2-60S0C,0.48300653594771237
84,2000mAh2-80S0C,0.5823529411764705
85,2000mAh2-100S0C,0.4444444444444444
86,OE-NMC10Ah-60SOC,0.37908496732026137
87,OE-NMC10Ah-50SOC,0.5490196078431372
88,1500mAh1-20S0C,0.4888888888888888
89,1500mAh1-40S0C,0.42941176470588227
90,1500mAh1-60S0C,0.6470588235294116
91,1500mAh1-80S0C,0.538562091503268
92,1500mAh1-100S0C,0.518954248366013
93,1500mAh2-20S0C,0.4954248366013071
94,1500mAh2-40S0C,0.6215686274509802
95,1500mAh2-60S0C,0.3725490196078431
96,1500mAh2-80S0C,0.4784313725490196
97,1500mAh2-100S0C,0.6222222222222222
98,1500mAh3-20S0C,0.5830065359477122
99,1500mAh3-40S0C,0.4653594771241829
100,1500mAh3-60S0C,0.48823529411764705
101,1500mAh3-80S0C,0.5601307189542483
102,1500mAh3-100S0C,0.6052287581699345
103,OE-NMC10Ah-45SOC,0.4679738562091503
104,OE-NMC10Ah-20SOC,0.5732026143790849
105,Soteria-SCC-5050mAhr-100SOC,0.3366013071895424
106,Soteria-control-5100mAh-50SOC,0.5464052287581699
107,OE-NMC10Ah-20SOC-cell2,0.5320261437908496
108,OE-NMC10Ah-45SOC-cell2,0.44771241830065356
109,OE-LFP10Ah-20SOC,0.5712418300653593
110,Soteria-Control-5120mAh-50SOC,0.5026143790849672
111,Soteria-Control-5100mAh-55SOC,0.5653594771241829
112,Soteria-Control-5010mAh-20SOC,0.5777777777777776
113,Soteria-Control-5030mAh-10SOC,0.6267973856209148
114,Soteria-SCC-4870mah-0SOC,0.603267973856209
115,Soteria-SCC-4630mAh-10SOC,0.3660130718954247
116,Soteria-SCC-5080mAh-20SOC,0.4745098039215686
117,Soteria-SCC-5170mAh-60SOC,0.318954248366013
